Banka,Banka_TR,Model,Accuracy,Precision,Recall,F1_Agirlik,F1_Cozuldu,ROC_AUC,H3_Sagland,CV_F1_Ort,CV_F1_Std
VakifBank,VakıfBank,Lojistik_Regresyon,0.7036,0.8013,0.7036,0.7027,0.707,0.808,True,0.7217,0.0167
VakifBank,VakıfBank,Random_Forest,0.7215,0.7175,0.7215,0.7187,0.614,0.8273,True,0.7414,0.0219
VakifBank,VakıfBank,SVM_Dogrusal,0.7658,0.7723,0.7658,0.7678,0.7056,0.8618,True,0.7729,0.0165
IsBank,İşBankası,Lojistik_Regresyon,0.5838,0.6512,0.5838,0.5938,0.528,0.6804,False,0.6076,0.0194
IsBank,İşBankası,Random_Forest,0.6896,0.6963,0.6896,0.6924,0.5622,0.7135,False,0.7049,0.0165
IsBank,İşBankası,SVM_Dogrusal,0.7266,0.7306,0.7266,0.6868,0.428,0.7356,True,0.5533,0.0121
KuveytTurk,Kuveyt Türk,Lojistik_Regresyon,0.6073,0.6893,0.6073,0.6237,0.5109,0.6872,False,0.6171,0.0247
KuveytTurk,Kuveyt Türk,Random_Forest,0.7422,0.7342,0.7422,0.7372,0.542,0.7506,True,0.7155,0.0158
KuveytTurk,Kuveyt Türk,SVM_Dogrusal,0.7422,0.7305,0.7422,0.6987,0.3738,0.7372,True,0.6931,0.0198
